id,first_name,last_name,email,gender,ip_address
1,Berthe,Werlock,bwerlock0@weibo.com,Male,247.152.144.50
2,Worthington,Braybrookes,wbraybrookes1@vinaora.com,Male,133.150.243.241
3,Lyell,Broadey,,Female,56.107.113.196
4,Alex,O'Beirne,aobeirne3@mayoclinic.com,Male,170.128.132.125
5,Peter,Cleife,pcleife4@about.com,Male,74.252.115.55
6,Miran,Sarch,msarch5@exblog.jp,Female,32.21.19.237
7,Douglass,Carle,dcarle6@mozilla.com,Female,216.76.32.32
8,Vivienne,Samet,vsamet7@mediafire.com,Male,44.147.35.9
9,Duff,Headon,dheadon8@nifty.com,Genderfluid,179.35.223.11
10,Wilmar,Fick,wfick9@illinois.edu,Polygender,137.201.222.70
11,Carolee,Bates,cbatesa@who.int,Female,158.151.178.84
12,Kimble,Blanshard,kblanshardb@alexa.com,Male,115.90.118.198
13,Zacharie,Leeves,zleevesc@gnu.org,Male,119.112.230.151
14,Red,Perel,rpereld@arstechnica.com,Female,30.164.126.197
15,Rollin,Brogini,rbroginie@usatoday.com,Female,217.12.200.113
16,Janel,Tortis,jtortisf@baidu.com,Female,252.99.137.69
17,Devonne,Manchester,dmanchesterg@php.net,Female,202.75.35.124
18,Marcello,Ibarra,mibarrah@wikia.com,Male,81.58.214.138
19,Iago,Baruch,ibaruchi@cnet.com,Genderqueer,191.102.241.109
20,Haily,Salvin,hsalvinj@abc.net.au,Male,50.108.202.99
21,Ephrayim,Parry,eparryk@skyrock.com,Male,61.119.239.211
22,Tracee,Manderson,tmandersonl@wsj.com,Female,159.213.35.244
23,Darcee,Evreux,devreuxm@google.co.uk,Female,16.79.156.186
24,Tedmund,Monte,tmonten@nifty.com,Female,200.195.193.73
25,Serene,Burdin,sburdino@studiopress.com,Male,152.139.86.18
26,Glen,Spincke,gspinckep@senate.gov,Female,157.140.228.49
27,Rosella,Mougenel,rmougenelq@google.nl,Female,82.115.236.175
28,Christen,Chace,cchacer@twitter.com,Male,102.108.240.228
29,Rabbi,Arndell,rarndells@tumblr.com,Female,194.81.198.192
30,Leopold,Dyer,ldyert@cisco.com,Male,125.119.38.47
31,Barr,Cavilla,bcavillau@cnbc.com,Female,124.9.155.7
32,Armin,Havers,ahaversv@sfgate.com,Female,226.64.33.154
33,Kristo,Niaves,kniavesw@tripadvisor.com,Non-binary,58.36.232.205
34,Eddie,Wooderson,,Male,184.93.63.185
35,Gorden,Lawlings,glawlingsy@blogger.com,,
36,Homerus,Treadgold,htreadgoldz@cam.ac.uk,Female,186.220.122.118
37,Marten,Peirson,mpeirson10@ehow.com,Female,137.131.185.18
38,Rene,McGurk,rmcgurk11@barnesandnoble.com,Female,106.77.107.223
39,Barbabra,Chevis,bchevis12@cnbc.com,Female,85.176.182.222
40,Hershel,Frampton,hframpton13@people.com.cn,Female,241.38.184.14
41,Drud,Dagwell,ddagwell14@stumbleupon.com,Male,222.210.143.144
42,Sasha,Lodwig,slodwig15@businessinsider.com,Genderfluid,206.105.94.78
43,Rowe,Burriss,rburriss16@e-recht24.de,Non-binary,58.7.215.146
44,Rafaellle,Rentcome,rrentcome17@slideshare.net,Male,169.240.58.102
45,Jayme,Poundesford,jpoundesford18@oaic.gov.au,Female,188.191.179.14
46,Reinaldos,Kinze,rkinze19@cmu.edu,Male,112.102.173.226
47,Lionello,Kinghorn,lkinghorn1a@simplemachines.org,Male,82.8.200.49
48,Lorrie,Dauby,,Male,106.96.109.95
49,Katerina,Oliva,,Female,11.241.22.34
50,Bertie,Solley,bsolley1d@issuu.com,Bigender,149.73.106.5
51,Winona,Faulkes,wfaulkes1e@mayoclinic.com,Male,77.191.167.239
52,Geraldine,Loughlan,gloughlan1f@skyrock.com,Female,105.233.90.89
53,Leilah,Turpie,lturpie1g@miibeian.gov.cn,,
54,Benedetta,Taffarello,btaffarello1h@webmd.com,Female,235.108.72.181
55,Deane,Audsley,daudsley1i@cbsnews.com,Male,135.208.144.167
56,Janek,Bodker,jbodker1j@nbcnews.com,Female,72.66.245.67
57,Merell,Frankel,mfrankel1k@arstechnica.com,Male,9.219.40.74
58,Davie,Benting,dbenting1l@dedecms.com,Male,229.12.133.208
59,Muffin,Kauble,mkauble1m@weather.com,Female,242.35.178.200
60,Brenden,Capelow,bcapelow1n@theatlantic.com,Female,49.137.108.161
61,Lura,Verduin,lverduin1o@virginia.edu,Non-binary,133.70.124.78
62,Denna,Hinkley,,Female,46.227.148.137
63,Keelby,Quade,,Male,136.173.107.238
64,Danie,Kimmitt,dkimmitt1r@weebly.com,Female,147.251.204.121
65,Gael,Dowsett,gdowsett1s@comcast.net,Female,221.253.166.176
66,Siobhan,Goublier,sgoublier1t@engadget.com,Female,103.64.132.235
67,Patti,Greetham,pgreetham1u@xinhuanet.com,Polygender,143.33.36.216
68,Jayme,Elderkin,jelderkin1v@redcross.org,Female,5.152.7.133
69,Wilona,Philbrook,wphilbrook1w@dyndns.org,Male,95.253.35.34
70,Corrina,Domeny,cdomeny1x@jugem.jp,Female,126.220.242.90
71,Leif,Matzke,lmatzke1y@npr.org,Male,231.138.28.201
72,Elysee,Lordon,elordon1z@w3.org,Genderfluid,127.139.64.89
73,Tybi,MacGovern,tmacgovern20@squarespace.com,Male,102.66.198.174
74,Cristabel,Brislan,cbrislan21@salon.com,Female,24.170.60.110
75,Nalani,Gores,ngores22@wikia.com,Female,163.28.190.83
76,Kristofor,Truckell,ktruckell23@123-reg.co.uk,Female,163.190.24.10
77,Normand,Rosiello,nrosiello24@wunderground.com,Female,252.43.5.69
78,Brynne,Morratt,bmorratt25@goodreads.com,Female,99.123.159.253
79,Bab,Riba,briba26@army.mil,Female,252.214.237.94
80,Sada,Fitkin,sfitkin27@yahoo.co.jp,Male,226.66.84.115
81,Lexie,Doogan,ldoogan28@mapy.cz,Female,83.252.132.85
82,Danita,Keaysell,dkeaysell29@jigsy.com,Male,249.27.71.199
83,Lemmy,Menier,,Male,83.188.71.214
84,Ivory,Bobasch,ibobasch2b@indiegogo.com,Female,183.215.252.77
85,Ashleigh,McCritichie,amccritichie2c@fotki.com,Female,114.35.103.227
86,Marketa,Falloon,mfalloon2d@deviantart.com,Male,188.152.242.116
87,Laure,Kirkwood,lkirkwood2e@wikia.com,Female,26.19.195.99
88,Guenna,Spurden,gspurden2f@stanford.edu,Female,239.74.179.154
89,Rich,Mingaud,rmingaud2g@ca.gov,Female,250.92.244.201
90,Jania,Broxton,jbroxton2h@devhub.com,Female,162.203.140.144
91,Brenn,Kivits,bkivits2i@skype.com,Female,189.19.180.135
92,Purcell,Sanches,psanches2j@seattletimes.com,Male,236.188.218.174
93,Ervin,Reddecliffe,ereddecliffe2k@weebly.com,Male,220.184.156.35
94,Adam,Wyvill,awyvill2l@opensource.org,Female,155.198.107.99
95,Tate,Smythe,tsmythe2m@yolasite.com,Genderqueer,210.192.28.149
96,Leena,Jertz,ljertz2n@skype.com,Male,8.181.226.192
97,Gerta,Oxton,goxton2o@si.edu,Female,132.201.8.63
98,Nick,Zimmermeister,nzimmermeister2p@auda.org.au,Polygender,65.153.40.238
99,Darya,Pickance,dpickance2q@amazonaws.com,Female,76.69.112.38
100,Pamela,Coulsen,pcoulsen2r@ibm.com,Female,148.223.234.38
